<!-- <?xml version="1.0" encoding="UTF-8"?>
<flow xmlns="http://www.springframework.org/schema/webflow"
	xmlns:xsi="http://www.w3.org/2001/XMLSchema-instance"
	xsi:schemaLocation="http://www.springframework.org/schema/webflow  http://www.springframework.org/schema/webflow/spring-webflow-2.0.xsd">

	<var name="shippingAddress." class="com.niit.shoppingcart.model.ShippingAddress"></var>
	<var name="billingAddress." class="com.niit.shoppingcart.model.BillingAddress"></var>
	<var name="cart" class="com.niit.shoppingcart.model.Cart"></var>
	<var name="order" class="com.niit.shoppingcart.model.Order"></var>
	<var name="paymentMethod" class="com.niit.shoppingcart.model.PaymentMethod"></var>

	<on-start>
		<evaluate expression="orderWebflow.initFlow()" result="flowScope.order" />
	</on-start>

	<view-state id="flowExecutor" view="shippingAddress" model="shippingAddress">
		<transition on="submitShippingAddress" to="shippingDetails" />
	</view-state>

	<action-state id="shippingDetails">
		<evaluate
			expression="orderWebflow.addShippingAddress(flowScope.order.shippingAddress)"></evaluate>
		<transition on="success" to="veiwBillingDetails" />
		<transition on="failure" to="cart_checkout" />
	</action-state>

	<view-state id="veiwBillingDetails" view="billingAddress"
		model="billingAddress">
		<transition on="submitBillingAddress" to="billingDetails" />
		<transition on="backShippingAddress" to="cart_checkout" />
	</view-state>

	<action-state id="billingDetails">
		<evaluate
			expression="orderWebflow.addBillingAddress(flowScope.order.billingAddress)"></evaluate>
		<transition on="success" to="veiwPaymentDetails" />
	</action-state>

	<view-state id="veiwPaymentDetails" view="paymentMethod"
		model="paymentMethod">
		<transition on="submitPaymentMethod" to="paymentDetails" />
	</view-state>

	<action-state id="paymentDetails">
		<evaluate
			expression="orderWebflow.addPaymentDetails(flowScope.order.paymentDetails)"></evaluate>
		<transition on="success" to="orderConfirmed" />
	</action-state>

	<view-state id="orderConfirmed" view="orderConfimed">
		<transition on="finalHome" to="toHome" />
	</view-state>

	<end-state id="toHome" view="externalRedirect:contextRelative:/" />

	<global-transitions>
		<transition on="cancel" to="toCartView" />
	</global-transitions>
</flow> -->